--------------------------------------------------------
--  File created - Wednesday-August-05-2020   
--------------------------------------------------------
--------------------------------------------------------
--  DDL for Table AVAILABILITY
--------------------------------------------------------

  CREATE TABLE "S5229658"."AVAILABILITY" 
   (	"ID" VARCHAR2(50 BYTE), 
	"DRIVER_ID" VARCHAR2(50 BYTE), 
	"WEEK_NUMBER" NUMBER(3,0), 
	"WEEK_DAY" VARCHAR2(50 BYTE), 
	"DRIVER_AVAILABILITY" NUMBER(2,0), 
	"CREATE_DATE" DATE
   ) SEGMENT CREATION IMMEDIATE 
  PCTFREE 10 PCTUSED 40 INITRANS 1 MAXTRANS 255 
 NOCOMPRESS LOGGING
  STORAGE(INITIAL 65536 NEXT 1048576 MINEXTENTS 1 MAXEXTENTS 2147483645
  PCTINCREASE 0 FREELISTS 1 FREELIST GROUPS 1
  BUFFER_POOL DEFAULT FLASH_CACHE DEFAULT CELL_FLASH_CACHE DEFAULT)
  TABLESPACE "USERS" ;
--------------------------------------------------------
--  DDL for Table DRIVERS
--------------------------------------------------------

  CREATE TABLE "S5229658"."DRIVERS" 
   (	"DRIVER_ID" VARCHAR2(50 BYTE), 
	"EMP_ID" VARCHAR2(50 BYTE), 
	"ROOT_ID" VARCHAR2(50 BYTE), 
	"CREATE_DATE" DATE
   ) SEGMENT CREATION IMMEDIATE 
  PCTFREE 10 PCTUSED 40 INITRANS 1 MAXTRANS 255 
 NOCOMPRESS LOGGING
  STORAGE(INITIAL 65536 NEXT 1048576 MINEXTENTS 1 MAXEXTENTS 2147483645
  PCTINCREASE 0 FREELISTS 1 FREELIST GROUPS 1
  BUFFER_POOL DEFAULT FLASH_CACHE DEFAULT CELL_FLASH_CACHE DEFAULT)
  TABLESPACE "USERS" ;
--------------------------------------------------------
--  DDL for Table DRIVERTRACKER
--------------------------------------------------------

  CREATE TABLE "S5229658"."DRIVERTRACKER" 
   (	"TRACK_ID" VARCHAR2(50 BYTE), 
	"WEEK_NUMBBER" VARCHAR2(50 BYTE), 
	"DRIVER_ID" VARCHAR2(50 BYTE), 
	"SCHEDULE_ID" VARCHAR2(50 BYTE), 
	"SHIFT_ID" NUMBER(2,0), 
	"TOTALTRIP" NUMBER(2,0), 
	"DAYTRIP" NUMBER(2,0), 
	"NIGHTTRIP" NUMBER(2,0), 
	"WEEK_DAY" VARCHAR2(10 BYTE), 
	"CREATE_DATE" DATE
   ) SEGMENT CREATION IMMEDIATE 
  PCTFREE 10 PCTUSED 40 INITRANS 1 MAXTRANS 255 
 NOCOMPRESS LOGGING
  STORAGE(INITIAL 65536 NEXT 1048576 MINEXTENTS 1 MAXEXTENTS 2147483645
  PCTINCREASE 0 FREELISTS 1 FREELIST GROUPS 1
  BUFFER_POOL DEFAULT FLASH_CACHE DEFAULT CELL_FLASH_CACHE DEFAULT)
  TABLESPACE "USERS" ;
--------------------------------------------------------
--  DDL for Table EMPLOYEE
--------------------------------------------------------

  CREATE TABLE "S5229658"."EMPLOYEE" 
   (	"EMP_ID" VARCHAR2(50 BYTE), 
	"EMP_NAME" VARCHAR2(20 BYTE), 
	"CONTACT_NUMBER" VARCHAR2(20 BYTE), 
	"EMAIL" VARCHAR2(50 BYTE), 
	"CREATE_DATE" DATE
   ) SEGMENT CREATION IMMEDIATE 
  PCTFREE 10 PCTUSED 40 INITRANS 1 MAXTRANS 255 
 NOCOMPRESS LOGGING
  STORAGE(INITIAL 65536 NEXT 1048576 MINEXTENTS 1 MAXEXTENTS 2147483645
  PCTINCREASE 0 FREELISTS 1 FREELIST GROUPS 1
  BUFFER_POOL DEFAULT FLASH_CACHE DEFAULT CELL_FLASH_CACHE DEFAULT)
  TABLESPACE "USERS" ;
--------------------------------------------------------
--  DDL for Table ROOTS
--------------------------------------------------------

  CREATE TABLE "S5229658"."ROOTS" 
   (	"ROOT_ID" VARCHAR2(50 BYTE), 
	"ROOT" VARCHAR2(20 BYTE), 
	"START_LOCATION" VARCHAR2(20 BYTE), 
	"END_LOCATION" VARCHAR2(20 BYTE), 
	"CREATE_DATE" DATE
   ) SEGMENT CREATION IMMEDIATE 
  PCTFREE 10 PCTUSED 40 INITRANS 1 MAXTRANS 255 
 NOCOMPRESS LOGGING
  STORAGE(INITIAL 65536 NEXT 1048576 MINEXTENTS 1 MAXEXTENTS 2147483645
  PCTINCREASE 0 FREELISTS 1 FREELIST GROUPS 1
  BUFFER_POOL DEFAULT FLASH_CACHE DEFAULT CELL_FLASH_CACHE DEFAULT)
  TABLESPACE "USERS" ;
--------------------------------------------------------
--  DDL for Table SCHEDULES
--------------------------------------------------------

  CREATE TABLE "S5229658"."SCHEDULES" 
   (	"SCHEDULE_ID" VARCHAR2(50 BYTE), 
	"WEEK" NUMBER(2,0), 
	"CREATE_DATE" DATE
   ) SEGMENT CREATION IMMEDIATE 
  PCTFREE 10 PCTUSED 40 INITRANS 1 MAXTRANS 255 
 NOCOMPRESS LOGGING
  STORAGE(INITIAL 65536 NEXT 1048576 MINEXTENTS 1 MAXEXTENTS 2147483645
  PCTINCREASE 0 FREELISTS 1 FREELIST GROUPS 1
  BUFFER_POOL DEFAULT FLASH_CACHE DEFAULT CELL_FLASH_CACHE DEFAULT)
  TABLESPACE "USERS" ;
--------------------------------------------------------
--  DDL for Table SHIFT
--------------------------------------------------------

  CREATE TABLE "S5229658"."SHIFT" 
   (	"SHIFT_ID" NUMBER(2,0), 
	"SHIFT" VARCHAR2(50 BYTE), 
	"START_TIME" NUMBER(2,0), 
	"START_PERIOD" VARCHAR2(2 BYTE), 
	"END_TIME" NUMBER(2,0), 
	"END_PERIOD" VARCHAR2(2 BYTE), 
	"CREATE_DATE" DATE
   ) SEGMENT CREATION IMMEDIATE 
  PCTFREE 10 PCTUSED 40 INITRANS 1 MAXTRANS 255 
 NOCOMPRESS LOGGING
  STORAGE(INITIAL 65536 NEXT 1048576 MINEXTENTS 1 MAXEXTENTS 2147483645
  PCTINCREASE 0 FREELISTS 1 FREELIST GROUPS 1
  BUFFER_POOL DEFAULT FLASH_CACHE DEFAULT CELL_FLASH_CACHE DEFAULT)
  TABLESPACE "USERS" ;
REM INSERTING into S5229658.AVAILABILITY
SET DEFINE OFF;
Insert into S5229658.AVAILABILITY (ID,DRIVER_ID,WEEK_NUMBER,WEEK_DAY,DRIVER_AVAILABILITY,CREATE_DATE) values ('e586ccdb-a989-4094-83c2-513eec8feada','0c8f4f16-cae5-44f5-924a-44b8703ab6db',1,'Friday',1,to_date('05-AUG-20','DD-MON-RR'));
Insert into S5229658.AVAILABILITY (ID,DRIVER_ID,WEEK_NUMBER,WEEK_DAY,DRIVER_AVAILABILITY,CREATE_DATE) values ('24e59b18-e4a6-4264-b1ed-529d768613b8','bb9820dd-be85-4aa4-b73c-0333fb1f1d0e',1,'Wednesday',12,to_date('05-AUG-20','DD-MON-RR'));
Insert into S5229658.AVAILABILITY (ID,DRIVER_ID,WEEK_NUMBER,WEEK_DAY,DRIVER_AVAILABILITY,CREATE_DATE) values ('971ba245-3392-452c-bed5-ef5bf45c687f','bb9820dd-be85-4aa4-b73c-0333fb1f1d0e',1,'Friday',12,to_date('05-AUG-20','DD-MON-RR'));
Insert into S5229658.AVAILABILITY (ID,DRIVER_ID,WEEK_NUMBER,WEEK_DAY,DRIVER_AVAILABILITY,CREATE_DATE) values ('2e62c5b9-9e95-4c54-bdff-7c5e58cd3fe6','bb9820dd-be85-4aa4-b73c-0333fb1f1d0e',1,'Tuesday',12,to_date('05-AUG-20','DD-MON-RR'));
Insert into S5229658.AVAILABILITY (ID,DRIVER_ID,WEEK_NUMBER,WEEK_DAY,DRIVER_AVAILABILITY,CREATE_DATE) values ('cb98b9f7-767d-4ed5-8eb4-114e1d9ed086','bb9820dd-be85-4aa4-b73c-0333fb1f1d0e',1,'Thursday',12,to_date('05-AUG-20','DD-MON-RR'));
Insert into S5229658.AVAILABILITY (ID,DRIVER_ID,WEEK_NUMBER,WEEK_DAY,DRIVER_AVAILABILITY,CREATE_DATE) values ('31a639e4-0322-4d6d-a8be-1688f4b4d21f','c1bdb36b-c937-4739-8c57-9ceb9f0b417c',1,'Tuesday',12,to_date('05-AUG-20','DD-MON-RR'));
Insert into S5229658.AVAILABILITY (ID,DRIVER_ID,WEEK_NUMBER,WEEK_DAY,DRIVER_AVAILABILITY,CREATE_DATE) values ('4ee5e3f9-d039-4c5c-bc49-f8112d18a68b','c1bdb36b-c937-4739-8c57-9ceb9f0b417c',1,'Thursday',12,to_date('05-AUG-20','DD-MON-RR'));
Insert into S5229658.AVAILABILITY (ID,DRIVER_ID,WEEK_NUMBER,WEEK_DAY,DRIVER_AVAILABILITY,CREATE_DATE) values ('541a48e4-2555-42d2-bcd0-27a993bcd50e','0c8f4f16-cae5-44f5-924a-44b8703ab6db',1,'Monday',1,to_date('05-AUG-20','DD-MON-RR'));
Insert into S5229658.AVAILABILITY (ID,DRIVER_ID,WEEK_NUMBER,WEEK_DAY,DRIVER_AVAILABILITY,CREATE_DATE) values ('48f17a28-cf5f-4cd7-a843-bdbb2aecbfce','bb9820dd-be85-4aa4-b73c-0333fb1f1d0e',1,'Monday',12,to_date('05-AUG-20','DD-MON-RR'));
Insert into S5229658.AVAILABILITY (ID,DRIVER_ID,WEEK_NUMBER,WEEK_DAY,DRIVER_AVAILABILITY,CREATE_DATE) values ('acd24e03-9654-4792-9c74-722f8ce5a189','62ec4496-f36c-422d-ac6d-957ab71a73b4',1,'Monday',12,to_date('05-AUG-20','DD-MON-RR'));
Insert into S5229658.AVAILABILITY (ID,DRIVER_ID,WEEK_NUMBER,WEEK_DAY,DRIVER_AVAILABILITY,CREATE_DATE) values ('3dea9a86-d8ad-426e-82b3-7ece50ecbf54','62ec4496-f36c-422d-ac6d-957ab71a73b4',1,'Wednesday',12,to_date('05-AUG-20','DD-MON-RR'));
Insert into S5229658.AVAILABILITY (ID,DRIVER_ID,WEEK_NUMBER,WEEK_DAY,DRIVER_AVAILABILITY,CREATE_DATE) values ('e0af69b7-d0b2-4b84-ab71-07f99872e154','cfc610fc-cd7c-4505-a9bf-05120e4ca6c6',1,'Wednesday',12,to_date('05-AUG-20','DD-MON-RR'));
Insert into S5229658.AVAILABILITY (ID,DRIVER_ID,WEEK_NUMBER,WEEK_DAY,DRIVER_AVAILABILITY,CREATE_DATE) values ('b028ecf3-6f03-429d-98ac-273259337ce2','0c8f4f16-cae5-44f5-924a-44b8703ab6db',1,'Wednesday',12,to_date('05-AUG-20','DD-MON-RR'));
Insert into S5229658.AVAILABILITY (ID,DRIVER_ID,WEEK_NUMBER,WEEK_DAY,DRIVER_AVAILABILITY,CREATE_DATE) values ('c0c6bc03-3dc4-4c24-b524-edb32394f2fd','62ec4496-f36c-422d-ac6d-957ab71a73b4',1,'Thursday',12,to_date('05-AUG-20','DD-MON-RR'));
Insert into S5229658.AVAILABILITY (ID,DRIVER_ID,WEEK_NUMBER,WEEK_DAY,DRIVER_AVAILABILITY,CREATE_DATE) values ('22450fb0-e58b-4335-be9a-a26c425a689b','c1bdb36b-c937-4739-8c57-9ceb9f0b417c',1,'Monday',12,to_date('05-AUG-20','DD-MON-RR'));
Insert into S5229658.AVAILABILITY (ID,DRIVER_ID,WEEK_NUMBER,WEEK_DAY,DRIVER_AVAILABILITY,CREATE_DATE) values ('c1b09f40-ab26-4d34-aeb9-74bafe386f09','cfc610fc-cd7c-4505-a9bf-05120e4ca6c6',1,'Friday',2,to_date('05-AUG-20','DD-MON-RR'));
Insert into S5229658.AVAILABILITY (ID,DRIVER_ID,WEEK_NUMBER,WEEK_DAY,DRIVER_AVAILABILITY,CREATE_DATE) values ('19dd80c9-0683-4f39-a22e-1a581560b404','0c8f4f16-cae5-44f5-924a-44b8703ab6db',1,'Tuesday',12,to_date('05-AUG-20','DD-MON-RR'));
Insert into S5229658.AVAILABILITY (ID,DRIVER_ID,WEEK_NUMBER,WEEK_DAY,DRIVER_AVAILABILITY,CREATE_DATE) values ('e746b731-4c91-4092-bf61-986e2c16a298','cfc610fc-cd7c-4505-a9bf-05120e4ca6c6',1,'Thursday',1,to_date('05-AUG-20','DD-MON-RR'));
Insert into S5229658.AVAILABILITY (ID,DRIVER_ID,WEEK_NUMBER,WEEK_DAY,DRIVER_AVAILABILITY,CREATE_DATE) values ('134db5b7-89bb-425f-bbf7-0a343a89c9ac','0c8f4f16-cae5-44f5-924a-44b8703ab6db',1,'Thursday',12,to_date('05-AUG-20','DD-MON-RR'));
Insert into S5229658.AVAILABILITY (ID,DRIVER_ID,WEEK_NUMBER,WEEK_DAY,DRIVER_AVAILABILITY,CREATE_DATE) values ('d59f7f1d-71c8-404f-afee-732370172c69','62ec4496-f36c-422d-ac6d-957ab71a73b4',1,'Tuesday',12,to_date('05-AUG-20','DD-MON-RR'));
Insert into S5229658.AVAILABILITY (ID,DRIVER_ID,WEEK_NUMBER,WEEK_DAY,DRIVER_AVAILABILITY,CREATE_DATE) values ('e4887c1e-f97a-4a17-963c-1f11efd254b6','62ec4496-f36c-422d-ac6d-957ab71a73b4',1,'Friday',12,to_date('05-AUG-20','DD-MON-RR'));
Insert into S5229658.AVAILABILITY (ID,DRIVER_ID,WEEK_NUMBER,WEEK_DAY,DRIVER_AVAILABILITY,CREATE_DATE) values ('b445542c-f628-488d-b347-8c27bc90efff','c1bdb36b-c937-4739-8c57-9ceb9f0b417c',1,'Wednesday',2,to_date('05-AUG-20','DD-MON-RR'));
Insert into S5229658.AVAILABILITY (ID,DRIVER_ID,WEEK_NUMBER,WEEK_DAY,DRIVER_AVAILABILITY,CREATE_DATE) values ('fa12008b-8f7e-4652-a70c-6f4b5e98b9cd','c1bdb36b-c937-4739-8c57-9ceb9f0b417c',1,'Friday',12,to_date('05-AUG-20','DD-MON-RR'));
Insert into S5229658.AVAILABILITY (ID,DRIVER_ID,WEEK_NUMBER,WEEK_DAY,DRIVER_AVAILABILITY,CREATE_DATE) values ('cdff54ea-f0b6-4bd2-b1a1-199489351d8d','cfc610fc-cd7c-4505-a9bf-05120e4ca6c6',1,'Monday',12,to_date('05-AUG-20','DD-MON-RR'));
Insert into S5229658.AVAILABILITY (ID,DRIVER_ID,WEEK_NUMBER,WEEK_DAY,DRIVER_AVAILABILITY,CREATE_DATE) values ('84add71f-269c-49c7-81b9-7e4e96d70394','cfc610fc-cd7c-4505-a9bf-05120e4ca6c6',1,'Tuesday',12,to_date('05-AUG-20','DD-MON-RR'));
REM INSERTING into S5229658.DRIVERS
SET DEFINE OFF;
Insert into S5229658.DRIVERS (DRIVER_ID,EMP_ID,ROOT_ID,CREATE_DATE) values ('c1bdb36b-c937-4739-8c57-9ceb9f0b417c','a669a8d6-4746-43c5-b8b7-6d648b97565d','ad80f21f-3a05-4b46-bef1-c3977b58dc81',to_date('05-AUG-20','DD-MON-RR'));
Insert into S5229658.DRIVERS (DRIVER_ID,EMP_ID,ROOT_ID,CREATE_DATE) values ('0c8f4f16-cae5-44f5-924a-44b8703ab6db','2205e2a5-5191-4042-b879-0da2b6eab7d8','ad80f21f-3a05-4b46-bef1-c3977b58dc81',to_date('05-AUG-20','DD-MON-RR'));
Insert into S5229658.DRIVERS (DRIVER_ID,EMP_ID,ROOT_ID,CREATE_DATE) values ('62ec4496-f36c-422d-ac6d-957ab71a73b4','f8ff0ba3-48fb-47ea-9354-f561bec54e5b','ad80f21f-3a05-4b46-bef1-c3977b58dc81',to_date('05-AUG-20','DD-MON-RR'));
Insert into S5229658.DRIVERS (DRIVER_ID,EMP_ID,ROOT_ID,CREATE_DATE) values ('cfc610fc-cd7c-4505-a9bf-05120e4ca6c6','646ccdfb-5f56-4a22-97c0-96357b9966df','ad80f21f-3a05-4b46-bef1-c3977b58dc81',to_date('05-AUG-20','DD-MON-RR'));
Insert into S5229658.DRIVERS (DRIVER_ID,EMP_ID,ROOT_ID,CREATE_DATE) values ('bb9820dd-be85-4aa4-b73c-0333fb1f1d0e','18703825-221e-4ee7-bb8d-8c415e451ca4','ad80f21f-3a05-4b46-bef1-c3977b58dc81',to_date('05-AUG-20','DD-MON-RR'));
REM INSERTING into S5229658.DRIVERTRACKER
SET DEFINE OFF;
Insert into S5229658.DRIVERTRACKER (TRACK_ID,WEEK_NUMBBER,DRIVER_ID,SCHEDULE_ID,SHIFT_ID,TOTALTRIP,DAYTRIP,NIGHTTRIP,WEEK_DAY,CREATE_DATE) values ('e06432a2-9e78-4b75-9541-b5445a149a47','1','bb9820dd-be85-4aa4-b73c-0333fb1f1d0e','18b32e5d-2ba9-4f7a-8322-4e4a8c107eed',2,2,0,0,'Friday',to_date('05-AUG-20','DD-MON-RR'));
Insert into S5229658.DRIVERTRACKER (TRACK_ID,WEEK_NUMBBER,DRIVER_ID,SCHEDULE_ID,SHIFT_ID,TOTALTRIP,DAYTRIP,NIGHTTRIP,WEEK_DAY,CREATE_DATE) values ('d4d83c64-c2c7-4a23-8de6-db881e1f4b81','1','c1bdb36b-c937-4739-8c57-9ceb9f0b417c','18b32e5d-2ba9-4f7a-8322-4e4a8c107eed',2,2,0,0,'Monday',to_date('05-AUG-20','DD-MON-RR'));
Insert into S5229658.DRIVERTRACKER (TRACK_ID,WEEK_NUMBBER,DRIVER_ID,SCHEDULE_ID,SHIFT_ID,TOTALTRIP,DAYTRIP,NIGHTTRIP,WEEK_DAY,CREATE_DATE) values ('bb871b8b-fef8-4201-bc16-553cd730ea43','1','cfc610fc-cd7c-4505-a9bf-05120e4ca6c6','18b32e5d-2ba9-4f7a-8322-4e4a8c107eed',2,2,0,0,'Tuesday',to_date('05-AUG-20','DD-MON-RR'));
Insert into S5229658.DRIVERTRACKER (TRACK_ID,WEEK_NUMBBER,DRIVER_ID,SCHEDULE_ID,SHIFT_ID,TOTALTRIP,DAYTRIP,NIGHTTRIP,WEEK_DAY,CREATE_DATE) values ('24c3f624-58d1-40a9-9f9b-141ed3817b37','1','0c8f4f16-cae5-44f5-924a-44b8703ab6db','18b32e5d-2ba9-4f7a-8322-4e4a8c107eed',2,2,0,0,'Wednesday',to_date('05-AUG-20','DD-MON-RR'));
Insert into S5229658.DRIVERTRACKER (TRACK_ID,WEEK_NUMBBER,DRIVER_ID,SCHEDULE_ID,SHIFT_ID,TOTALTRIP,DAYTRIP,NIGHTTRIP,WEEK_DAY,CREATE_DATE) values ('18688671-7546-4778-ae9b-b7403fb48f9a','1','cfc610fc-cd7c-4505-a9bf-05120e4ca6c6','18b32e5d-2ba9-4f7a-8322-4e4a8c107eed',1,2,0,0,'Monday',to_date('05-AUG-20','DD-MON-RR'));
Insert into S5229658.DRIVERTRACKER (TRACK_ID,WEEK_NUMBBER,DRIVER_ID,SCHEDULE_ID,SHIFT_ID,TOTALTRIP,DAYTRIP,NIGHTTRIP,WEEK_DAY,CREATE_DATE) values ('f1989546-9200-42ad-82cb-517043af9a31','1','0c8f4f16-cae5-44f5-924a-44b8703ab6db','18b32e5d-2ba9-4f7a-8322-4e4a8c107eed',1,2,0,0,'Tuesday',to_date('05-AUG-20','DD-MON-RR'));
Insert into S5229658.DRIVERTRACKER (TRACK_ID,WEEK_NUMBBER,DRIVER_ID,SCHEDULE_ID,SHIFT_ID,TOTALTRIP,DAYTRIP,NIGHTTRIP,WEEK_DAY,CREATE_DATE) values ('963d2009-3c8f-414a-a95b-d41ec367459f','1','62ec4496-f36c-422d-ac6d-957ab71a73b4','18b32e5d-2ba9-4f7a-8322-4e4a8c107eed',1,2,0,0,'Wednesday',to_date('05-AUG-20','DD-MON-RR'));
Insert into S5229658.DRIVERTRACKER (TRACK_ID,WEEK_NUMBBER,DRIVER_ID,SCHEDULE_ID,SHIFT_ID,TOTALTRIP,DAYTRIP,NIGHTTRIP,WEEK_DAY,CREATE_DATE) values ('0b9276df-9ba4-49b8-ac8a-9620cd2ab60b','1','62ec4496-f36c-422d-ac6d-957ab71a73b4','18b32e5d-2ba9-4f7a-8322-4e4a8c107eed',2,2,0,0,'Thursday',to_date('05-AUG-20','DD-MON-RR'));
Insert into S5229658.DRIVERTRACKER (TRACK_ID,WEEK_NUMBBER,DRIVER_ID,SCHEDULE_ID,SHIFT_ID,TOTALTRIP,DAYTRIP,NIGHTTRIP,WEEK_DAY,CREATE_DATE) values ('49fbbc36-5e67-456d-b828-cb5a7555967e','1','bb9820dd-be85-4aa4-b73c-0333fb1f1d0e','18b32e5d-2ba9-4f7a-8322-4e4a8c107eed',1,2,0,0,'Thursday',to_date('05-AUG-20','DD-MON-RR'));
Insert into S5229658.DRIVERTRACKER (TRACK_ID,WEEK_NUMBBER,DRIVER_ID,SCHEDULE_ID,SHIFT_ID,TOTALTRIP,DAYTRIP,NIGHTTRIP,WEEK_DAY,CREATE_DATE) values ('6d0bb3e5-88ff-4589-ba74-c2fa7be301df','1','c1bdb36b-c937-4739-8c57-9ceb9f0b417c','18b32e5d-2ba9-4f7a-8322-4e4a8c107eed',1,2,0,0,'Friday',to_date('05-AUG-20','DD-MON-RR'));
REM INSERTING into S5229658.EMPLOYEE
SET DEFINE OFF;
Insert into S5229658.EMPLOYEE (EMP_ID,EMP_NAME,CONTACT_NUMBER,EMAIL,CREATE_DATE) values ('646ccdfb-5f56-4a22-97c0-96357b9966df','emp1','0123456789','emp1@gmail.com',null);
Insert into S5229658.EMPLOYEE (EMP_ID,EMP_NAME,CONTACT_NUMBER,EMAIL,CREATE_DATE) values ('2205e2a5-5191-4042-b879-0da2b6eab7d8','emp2','0123456789','emp1@gmail.com',null);
Insert into S5229658.EMPLOYEE (EMP_ID,EMP_NAME,CONTACT_NUMBER,EMAIL,CREATE_DATE) values ('f8ff0ba3-48fb-47ea-9354-f561bec54e5b','emp3','0123456789','emp3@gmail.com',null);
Insert into S5229658.EMPLOYEE (EMP_ID,EMP_NAME,CONTACT_NUMBER,EMAIL,CREATE_DATE) values ('18703825-221e-4ee7-bb8d-8c415e451ca4','emp4','0123456789','emp4@gmail.com',null);
Insert into S5229658.EMPLOYEE (EMP_ID,EMP_NAME,CONTACT_NUMBER,EMAIL,CREATE_DATE) values ('a669a8d6-4746-43c5-b8b7-6d648b97565d','emp5','0123456789','emp5@gmail.com',null);
Insert into S5229658.EMPLOYEE (EMP_ID,EMP_NAME,CONTACT_NUMBER,EMAIL,CREATE_DATE) values ('efb40888-8d73-4f2c-9f06-a15acfb5ee04','kishan','07778020990','abhaniishan47@gmail.com',to_date('04-AUG-20','DD-MON-RR'));
REM INSERTING into S5229658.ROOTS
SET DEFINE OFF;
Insert into S5229658.ROOTS (ROOT_ID,ROOT,START_LOCATION,END_LOCATION,CREATE_DATE) values ('ad80f21f-3a05-4b46-bef1-c3977b58dc81','Roots','Lansdowne','Talboat',null);
Insert into S5229658.ROOTS (ROOT_ID,ROOT,START_LOCATION,END_LOCATION,CREATE_DATE) values ('4d94b12e-546b-4076-8110-c52e35e82945','Root5','boscombe','poole',null);
Insert into S5229658.ROOTS (ROOT_ID,ROOT,START_LOCATION,END_LOCATION,CREATE_DATE) values ('864b9714-8663-4143-8655-5452a6326a0d','christchurch','ringwood','christchuurch',null);
Insert into S5229658.ROOTS (ROOT_ID,ROOT,START_LOCATION,END_LOCATION,CREATE_DATE) values ('f33a7810-a9f0-4fef-91bd-d2157c068ab2','poole','BH13PE','BH137SE',to_date('04-AUG-20','DD-MON-RR'));
REM INSERTING into S5229658.SCHEDULES
SET DEFINE OFF;
Insert into S5229658.SCHEDULES (SCHEDULE_ID,WEEK,CREATE_DATE) values ('18b32e5d-2ba9-4f7a-8322-4e4a8c107eed',1,to_date('05-AUG-20','DD-MON-RR'));
REM INSERTING into S5229658.SHIFT
SET DEFINE OFF;
Insert into S5229658.SHIFT (SHIFT_ID,SHIFT,START_TIME,START_PERIOD,END_TIME,END_PERIOD,CREATE_DATE) values (1,'first shift',6,'AM',12,'PM',null);
Insert into S5229658.SHIFT (SHIFT_ID,SHIFT,START_TIME,START_PERIOD,END_TIME,END_PERIOD,CREATE_DATE) values (2,'second shift',12,'PM',6,'PM',null);
Insert into S5229658.SHIFT (SHIFT_ID,SHIFT,START_TIME,START_PERIOD,END_TIME,END_PERIOD,CREATE_DATE) values (12,'ALL',6,'AM',6,'PM',null);
--------------------------------------------------------
--  Constraints for Table SHIFT
--------------------------------------------------------

  ALTER TABLE "S5229658"."SHIFT" MODIFY ("SHIFT" NOT NULL ENABLE);
  ALTER TABLE "S5229658"."SHIFT" MODIFY ("START_PERIOD" NOT NULL ENABLE);
  ALTER TABLE "S5229658"."SHIFT" MODIFY ("END_PERIOD" NOT NULL ENABLE);
  ALTER TABLE "S5229658"."SHIFT" ADD PRIMARY KEY ("SHIFT_ID")
  USING INDEX PCTFREE 10 INITRANS 2 MAXTRANS 255 COMPUTE STATISTICS 
  STORAGE(INITIAL 65536 NEXT 1048576 MINEXTENTS 1 MAXEXTENTS 2147483645
  PCTINCREASE 0 FREELISTS 1 FREELIST GROUPS 1
  BUFFER_POOL DEFAULT FLASH_CACHE DEFAULT CELL_FLASH_CACHE DEFAULT)
  TABLESPACE "USERS"  ENABLE;
--------------------------------------------------------
--  Constraints for Table SCHEDULES
--------------------------------------------------------

  ALTER TABLE "S5229658"."SCHEDULES" MODIFY ("WEEK" NOT NULL ENABLE);
  ALTER TABLE "S5229658"."SCHEDULES" ADD PRIMARY KEY ("SCHEDULE_ID")
  USING INDEX PCTFREE 10 INITRANS 2 MAXTRANS 255 COMPUTE STATISTICS 
  STORAGE(INITIAL 65536 NEXT 1048576 MINEXTENTS 1 MAXEXTENTS 2147483645
  PCTINCREASE 0 FREELISTS 1 FREELIST GROUPS 1
  BUFFER_POOL DEFAULT FLASH_CACHE DEFAULT CELL_FLASH_CACHE DEFAULT)
  TABLESPACE "USERS"  ENABLE;
--------------------------------------------------------
--  Constraints for Table DRIVERTRACKER
--------------------------------------------------------

  ALTER TABLE "S5229658"."DRIVERTRACKER" MODIFY ("WEEK_DAY" NOT NULL ENABLE);
  ALTER TABLE "S5229658"."DRIVERTRACKER" MODIFY ("WEEK_NUMBBER" NOT NULL ENABLE);
  ALTER TABLE "S5229658"."DRIVERTRACKER" MODIFY ("DRIVER_ID" NOT NULL ENABLE);
  ALTER TABLE "S5229658"."DRIVERTRACKER" MODIFY ("SCHEDULE_ID" NOT NULL ENABLE);
  ALTER TABLE "S5229658"."DRIVERTRACKER" MODIFY ("SHIFT_ID" NOT NULL ENABLE);
  ALTER TABLE "S5229658"."DRIVERTRACKER" MODIFY ("TOTALTRIP" NOT NULL ENABLE);
  ALTER TABLE "S5229658"."DRIVERTRACKER" ADD PRIMARY KEY ("TRACK_ID")
  USING INDEX PCTFREE 10 INITRANS 2 MAXTRANS 255 COMPUTE STATISTICS 
  STORAGE(INITIAL 65536 NEXT 1048576 MINEXTENTS 1 MAXEXTENTS 2147483645
  PCTINCREASE 0 FREELISTS 1 FREELIST GROUPS 1
  BUFFER_POOL DEFAULT FLASH_CACHE DEFAULT CELL_FLASH_CACHE DEFAULT)
  TABLESPACE "USERS"  ENABLE;
--------------------------------------------------------
--  Constraints for Table EMPLOYEE
--------------------------------------------------------

  ALTER TABLE "S5229658"."EMPLOYEE" MODIFY ("EMP_NAME" NOT NULL ENABLE);
  ALTER TABLE "S5229658"."EMPLOYEE" MODIFY ("CONTACT_NUMBER" NOT NULL ENABLE);
  ALTER TABLE "S5229658"."EMPLOYEE" ADD PRIMARY KEY ("EMP_ID")
  USING INDEX PCTFREE 10 INITRANS 2 MAXTRANS 255 COMPUTE STATISTICS 
  STORAGE(INITIAL 65536 NEXT 1048576 MINEXTENTS 1 MAXEXTENTS 2147483645
  PCTINCREASE 0 FREELISTS 1 FREELIST GROUPS 1
  BUFFER_POOL DEFAULT FLASH_CACHE DEFAULT CELL_FLASH_CACHE DEFAULT)
  TABLESPACE "USERS"  ENABLE;
--------------------------------------------------------
--  Constraints for Table DRIVERS
--------------------------------------------------------

  ALTER TABLE "S5229658"."DRIVERS" MODIFY ("EMP_ID" NOT NULL ENABLE);
  ALTER TABLE "S5229658"."DRIVERS" MODIFY ("ROOT_ID" NOT NULL ENABLE);
  ALTER TABLE "S5229658"."DRIVERS" ADD PRIMARY KEY ("DRIVER_ID")
  USING INDEX PCTFREE 10 INITRANS 2 MAXTRANS 255 COMPUTE STATISTICS 
  STORAGE(INITIAL 65536 NEXT 1048576 MINEXTENTS 1 MAXEXTENTS 2147483645
  PCTINCREASE 0 FREELISTS 1 FREELIST GROUPS 1
  BUFFER_POOL DEFAULT FLASH_CACHE DEFAULT CELL_FLASH_CACHE DEFAULT)
  TABLESPACE "USERS"  ENABLE;
--------------------------------------------------------
--  Constraints for Table ROOTS
--------------------------------------------------------

  ALTER TABLE "S5229658"."ROOTS" MODIFY ("ROOT" NOT NULL ENABLE);
  ALTER TABLE "S5229658"."ROOTS" MODIFY ("START_LOCATION" NOT NULL ENABLE);
  ALTER TABLE "S5229658"."ROOTS" MODIFY ("END_LOCATION" NOT NULL ENABLE);
  ALTER TABLE "S5229658"."ROOTS" ADD PRIMARY KEY ("ROOT_ID")
  USING INDEX PCTFREE 10 INITRANS 2 MAXTRANS 255 COMPUTE STATISTICS 
  STORAGE(INITIAL 65536 NEXT 1048576 MINEXTENTS 1 MAXEXTENTS 2147483645
  PCTINCREASE 0 FREELISTS 1 FREELIST GROUPS 1
  BUFFER_POOL DEFAULT FLASH_CACHE DEFAULT CELL_FLASH_CACHE DEFAULT)
  TABLESPACE "USERS"  ENABLE;
--------------------------------------------------------
--  Constraints for Table AVAILABILITY
--------------------------------------------------------

  ALTER TABLE "S5229658"."AVAILABILITY" MODIFY ("DRIVER_ID" NOT NULL ENABLE);
  ALTER TABLE "S5229658"."AVAILABILITY" MODIFY ("WEEK_NUMBER" NOT NULL ENABLE);
  ALTER TABLE "S5229658"."AVAILABILITY" MODIFY ("WEEK_DAY" NOT NULL ENABLE);
  ALTER TABLE "S5229658"."AVAILABILITY" MODIFY ("DRIVER_AVAILABILITY" NOT NULL ENABLE);
  ALTER TABLE "S5229658"."AVAILABILITY" ADD PRIMARY KEY ("ID")
  USING INDEX PCTFREE 10 INITRANS 2 MAXTRANS 255 COMPUTE STATISTICS 
  STORAGE(INITIAL 65536 NEXT 1048576 MINEXTENTS 1 MAXEXTENTS 2147483645
  PCTINCREASE 0 FREELISTS 1 FREELIST GROUPS 1
  BUFFER_POOL DEFAULT FLASH_CACHE DEFAULT CELL_FLASH_CACHE DEFAULT)
  TABLESPACE "USERS"  ENABLE;
--------------------------------------------------------
--  Ref Constraints for Table AVAILABILITY
--------------------------------------------------------

  ALTER TABLE "S5229658"."AVAILABILITY" ADD CONSTRAINT "FK_DRIVERAVAILS" FOREIGN KEY ("DRIVER_ID")
	  REFERENCES "S5229658"."DRIVERS" ("DRIVER_ID") ENABLE;
  ALTER TABLE "S5229658"."AVAILABILITY" ADD CONSTRAINT "FK_SHIFTTRACKS" FOREIGN KEY ("DRIVER_AVAILABILITY")
	  REFERENCES "S5229658"."SHIFT" ("SHIFT_ID") ENABLE;
--------------------------------------------------------
--  Ref Constraints for Table DRIVERS
--------------------------------------------------------

  ALTER TABLE "S5229658"."DRIVERS" ADD CONSTRAINT "FK_EMPLOYEE" FOREIGN KEY ("EMP_ID")
	  REFERENCES "S5229658"."EMPLOYEE" ("EMP_ID") ENABLE;
  ALTER TABLE "S5229658"."DRIVERS" ADD CONSTRAINT "FK_ROOTS" FOREIGN KEY ("ROOT_ID")
	  REFERENCES "S5229658"."ROOTS" ("ROOT_ID") ENABLE;
--------------------------------------------------------
--  Ref Constraints for Table DRIVERTRACKER
--------------------------------------------------------

  ALTER TABLE "S5229658"."DRIVERTRACKER" ADD CONSTRAINT "FK_DRIVERTRACK" FOREIGN KEY ("DRIVER_ID")
	  REFERENCES "S5229658"."DRIVERS" ("DRIVER_ID") ENABLE;
  ALTER TABLE "S5229658"."DRIVERTRACKER" ADD CONSTRAINT "FK_SCHEDULER" FOREIGN KEY ("SCHEDULE_ID")
	  REFERENCES "S5229658"."SCHEDULES" ("SCHEDULE_ID") ENABLE;
  ALTER TABLE "S5229658"."DRIVERTRACKER" ADD CONSTRAINT "FK_SHIFTTRACK" FOREIGN KEY ("SHIFT_ID")
	  REFERENCES "S5229658"."SHIFT" ("SHIFT_ID") ENABLE;
